csv_row_num,actual,predicted,error,abs_error,rel_error_pct
3815,30000,17626.938,12373.0625,12373.0625,41.24354167
78,16636,12797.699,3838.300781,3838.300781,23.07225764
32,5071,2427.7048,2643.295166,2643.295166,52.12571812
111,7236.2,9633.55,-2397.349805,2397.349805,-33.12995501
3979,13776,11453.66,2322.339844,2322.339844,16.85786762
34,4057,1827.9119,2229.088135,2229.088135,54.94424784
35,3991,1827.9119,2163.088135,2163.088135,54.19915146
3271,14080,16240.523,-2160.523438,2160.523438,-15.34462669
1363,4095.7,5922.087,-1826.386914,1826.386914,-44.59279034
644,7077,5422.035,1654.964844,1654.964844,23.38511861
47,7977,6406.8457,1570.154297,1570.154297,19.68351883
1346,11187,12723.284,-1536.28418,1536.28418,-13.73276285
2837,14406,12892.563,1513.436523,1513.436523,10.50559852
1295,9542.06,8155.5225,1386.537539,1386.537539,14.53079879
2838,14161,12892.563,1268.436523,1268.436523,8.957252478
316,10260,11437.45,-1177.450195,1177.450195,-11.47612276
3045,4700,3528.145,1171.85498,1171.85498,24.93308469
2718,4862,5948.2207,-1086.220703,1086.220703,-22.34102639
912,9987,8902.621,1084.378906,1084.378906,10.85790434
31,3217,4268.9097,-1051.909668,1051.909668,-32.69846652
497,4100,3049.4644,1050.535645,1050.535645,25.6228206
2359,4800,3847.6084,952.3916016,952.3916016,19.8414917
914,3952,3003.2666,948.7333984,948.7333984,24.0064119
1202,7901,6953.511,947.4887695,947.4887695,11.99201075
2109,771.2,1679.1339,-907.9339111,907.9339111,-117.7300196
3270,15353,16240.523,-887.5234375,887.5234375,-5.78078185
1863,3924,3039.645,884.3549805,884.3549805,22.53707901
2939,1023.04,1901.1573,-878.1173486,878.1173486,-85.83411681
3268,15402,16240.523,-838.5234375,838.5234375,-5.444250341
224,3600,4424.235,-824.2348633,824.2348633,-22.89541287
71,3011.81,2202.3638,809.4462305,809.4462305,26.87574019
1215,3317.33,2514.8992,802.4308301,802.4308301,24.18905656
60,2086,2875.4048,-789.4047852,789.4047852,-37.84299066
46,7168,6406.8457,761.1542969,761.1542969,10.61878204
1508,529.41,1288.7401,-759.3301123,759.3301123,-143.4294993
1189,3265,3997.2227,-732.2226563,732.2226563,-22.42642132
3746,6293,7023.6177,-730.6176758,730.6176758,-11.61000597
1118,1741,1026.3073,714.692749,714.692749,41.05070356
909,10288,9573.368,714.6318359,714.6318359,6.946265901
54,3680,2993.2673,686.732666,686.732666,18.66121375
1954,9686.5,9001.447,685.0527344,685.0527344,7.072242135
2030,6492.5,5807.832,684.6679688,684.6679688,10.54552127
1690,5332,6014.3887,-682.3886719,682.3886719,-12.79798709
1574,7466.5,8132.851,-666.3510742,666.3510742,-8.924543953
3616,3203,2558.6663,644.3337402,644.3337402,20.1165701
1555,1888,1254.3834,633.6165771,633.6165771,33.56020006
1324,780,1409.9371,-629.9371338,629.9371338,-80.761171
1034,4911,5519.9976,-608.9975586,608.9975586,-12.40068334
3791,6030,5425.6978,604.3022461,604.3022461,10.02159612
2822,5047,5646.995,-599.9951172,599.9951172,-11.8881537
733,1703.81,2302.6733,-598.8633398,598.8633398,-35.14848134
1188,6084,6682.447,-598.4467773,598.4467773,-9.836403309
2208,3303,3898.9373,-595.9372559,595.9372559,-18.04230263
2026,6341,5750.908,590.0917969,590.0917969,9.305973772
540,4942.5,4355.336,587.1640625,587.1640625,11.8799001
72,1621.88,2208.4358,-586.555791,586.555791,-36.16517813
2394,1506,921.88873,584.1112671,584.1112671,38.7856087
1180,3901,4481.828,-580.828125,580.828125,-14.8892111
1552,1535,960.3723,574.6276855,574.6276855,37.43502837
1503,5598.6,6166.383,-567.7828125,567.7828125,-10.14151417
1553,1633,1066.5889,566.4111328,566.4111328,34.68531126
1485,3992,3432.1611,559.8388672,559.8388672,14.02401972
1233,1058.2,1616.4075,-558.2074707,558.2074707,-52.75065873
1805,1995,1440.4781,554.5218506,554.5218506,27.79558148
395,2048.4,2601.228,-552.8280273,552.8280273,-26.98828487
2018,2030.5,2582.6177,-552.1176758,552.1176758,-27.19121772
2823,5096,5646.995,-550.9951172,550.9951172,-10.81230607
2339,2989,2441.3218,547.6782227,547.6782227,18.32312555
45,6730,6194.7046,535.2954102,535.2954102,7.953869393
3348,6080,5544.7266,535.2734375,535.2734375,8.803839433
1871,3868,4400.6113,-532.6113281,532.6113281,-13.76968273
2783,7837,8367.953,-530.953125,530.953125,-6.774953745
3613,2989,2460.9539,528.0461426,528.0461426,17.66631457
2770,2019,2545.3184,-526.3183594,526.3183594,-26.06826941
317,13499,12973.065,525.9345703,525.9345703,3.896100232
3295,2150,1625.2167,524.7833252,524.7833252,24.40852675
1476,1946,2466.006,-520.0061035,520.0061035,-26.7217936
2912,2284,2801.3071,-517.3071289,517.3071289,-22.64917377
1272,11431.82,10919.657,512.1627734,512.1627734,4.480150785
2094,1326,814.3453,511.6547241,511.6547241,38.58632912
190,1046,1555.2118,-509.211792,509.211792,-48.68181568
1036,3133,3636.9102,-503.9101563,503.9101563,-16.08395009
1125,3936,4435.7305,-499.7304688,499.7304688,-12.69640419
1148,2731.57,3226.7178,-495.1477734,495.1477734,-18.12685648
1513,1095,602.06757,492.9324341,492.9324341,45.01666065
2098,1720.3,1228.2622,492.037793,492.037793,28.60185973
1223,4642.31,4159.916,482.3939844,482.3939844,10.39124885
1228,1999.2,1520.2152,478.98479,478.98479,23.95882303
1340,2896,2420.9226,475.0773926,475.0773926,16.4046061
3411,1140,669.05707,470.9429321,470.9429321,41.31078352
1571,1336.5,1802.3054,-465.8054199,465.8054199,-34.85263149
1332,820,1264.5527,-444.5527344,444.5527344,-54.21374809
1379,689,1118.184,-429.18396,429.18396,-62.2908505
3261,2970,2542.099,427.9008789,427.9008789,14.407437
1380,1280,852.38745,427.6125488,427.6125488,33.40723038
3412,1085,669.05707,415.9429321,415.9429321,38.33575411
3305,2200,1793.7164,406.2835693,406.2835693,18.46743497
3828,8594,8189.1616,404.8383789,404.8383789,4.710709552
1230,2020,1616.4075,403.5925293,403.5925293,19.97982818
320,13265,13665.201,-400.2011719,400.2011719,-3.016970764
146,2701,2309.4185,391.581543,391.581543,14.49765061
566,887.52,1278.1685,-390.648457,390.648457,-44.01573565
2449,3430.5,3041.5642,388.935791,388.935791,11.33758318
3905,1372,1760.8303,-388.8303223,388.8303223,-28.3404025
1585,5493,5105.441,387.559082,387.559082,7.055508502
1814,2961.3,2576.7341,384.5658691,384.5658691,12.98638669
3125,2415,2037.6436,377.3564453,377.3564453,15.62552569
3262,2940,2563.6746,376.3254395,376.3254395,12.80018502
3277,7742,7368.738,373.262207,373.262207,4.82126333
492,1700,2071.0833,-371.083252,371.083252,-21.82842659
2859,5906,6276.459,-370.4589844,370.4589844,-6.272586935
3971,7304,7674.4355,-370.4355469,370.4355469,-5.071680543
2616,628,996.74384,-368.7438354,368.7438354,-58.71717125
488,3319,2952.7698,366.2302246,366.2302246,11.03435446
1705,5288,4923.6826,364.3173828,364.3173828,6.889511778
890,735,1095.3281,-360.328125,360.328125,-49.02423469
1119,4094,4443.144,-349.144043,349.144043,-8.528188641
3988,2671,2325.5056,345.4943848,345.4943848,12.93502002
2633,2474.55,2129.4155,345.1344727,345.1344727,13.94736306
1075,1912,2252.4124,-340.4123535,340.4123535,-17.80399338
412,1207.53,1547.416,-339.8860156,339.8860156,-28.14721089
1294,8997.38,8657.837,339.5430859,339.5430859,3.77379955
445,1980.7,2320.0154,-339.3153809,339.3153809,-17.131084
3307,2100,1761.0664,338.9335938,338.9335938,16.13969494
2842,15827,15490.0625,336.9375,336.9375,2.128877867
3994,3134,2797.3093,336.6906738,336.6906738,10.74316126
3910,2381,2045.4431,335.5568848,335.5568848,14.0931073
1813,3214.8,2880.8408,333.9591797,333.9591797,10.38817904
3813,15000,14667.096,332.9042969,332.9042969,2.219361979
2055,2487,2817.6228,-330.6228027,330.6228027,-13.29404112
987,848.4,1177.7578,-329.3578125,329.3578125,-38.82105286
2795,3483,3156.0078,326.9921875,326.9921875,9.388233922
1874,2622,2295.7039,326.2961426,326.2961426,12.44455159
65,2550,2875.4048,-325.4047852,325.4047852,-12.76097197
1730,1484,1159.259,324.7409668,324.7409668,21.88281447
1725,3164.4,2839.922,324.4778809,324.4778809,10.25400963
410,1077.62,1401.341,-323.7209424,323.7209424,-30.04036139
2027,4070.5,3749.2783,321.2216797,321.2216797,7.891455096
2617,1411,1090.788,320.2120361,320.2120361,22.69397846
2914,2301,2621.0837,-320.0837402,320.0837402,-13.91063626
1505,9424.8,9104.983,319.8166016,319.8166016,3.3933516
2635,1332.82,1013.67163,319.1483691,319.1483691,23.94534664
2832,9609,9923.468,-314.4677734,314.4677734,-3.272637875
53,1356,1670.2915,-314.2915039,314.2915039,-23.17783952
459,1619,1305.1426,313.8574219,313.8574219,19.38588152
578,1632.04,1945.432,-313.3920068,313.3920068,-19.20247095
3551,1572.28,1881.8264,-309.546416,309.546416,-19.68774112
75,3350,3042.5188,307.4812012,307.4812012,9.178543319
2017,3169,2863.9597,305.0402832,305.0402832,9.625758384
1884,2808,3111.7456,-303.7456055,303.7456055,-10.81715119
2829,6860,7159.8584,-299.8583984,299.8583984,-4.37111368
1206,2842,3140.71,-298.7099609,298.7099609,-10.51055457
2119,1523.9,1226.3953,297.5047363,297.5047363,19.52258917
311,8432,8134.938,297.0620117,297.0620117,3.523031448
1628,1130,1426.2474,-296.2474365,296.2474365,-26.2165873
2987,2500.5,2793.4146,-292.9145508,292.9145508,-11.71423918
2114,1186.2,896.3524,289.847583,289.847583,24.43496738
104,1307,1596.8058,-289.8057861,289.8057861,-22.17335778
2391,2684,2396.7637,287.2363281,287.2363281,10.7018006
3146,1322,1607.7266,-285.7265625,285.7265625,-21.61320443
2270,1123,1408.7195,-285.7194824,285.7194824,-25.44251847
3882,1854,2134.5493,-280.5493164,280.5493164,-15.13210984
205,797.73,1078.028,-280.2979541,280.2979541,-35.13694535
1166,1964.6,2243.5754,-278.9754395,278.9754395,-14.20011399
1541,2357.82,2082.43,275.3900684,275.3900684,11.67985972
2717,6868,6593.543,274.4570313,274.4570313,3.996171101
1274,11350,11623.824,-273.8242188,273.8242188,-2.412548183
310,7193,6921.5156,271.484375,271.484375,3.774285764
992,10869,10598.391,270.609375,270.609375,2.489735716
3795,2200,2469.256,-269.2561035,269.2561035,-12.2389138
3424,1148.1,880.32196,267.7780396,267.7780396,23.32358153
1699,5032,4765.702,266.2978516,266.2978516,5.29208767
1235,1882.4,1616.4075,265.9925293,265.9925293,14.13049986
2883,3172.9,2908.661,264.2391113,264.2391113,8.327999979
536,3035,2771.6538,263.3461914,263.3461914,8.676975005
891,833,1095.3281,-262.328125,262.328125,-31.49197179
2047,2094,2354.156,-260.1560059,260.1560059,-12.42387803
2754,7569,7310.9956,258.0043945,258.0043945,3.408698567
194,1331.9,1074.0704,257.8295654,257.8295654,19.35802729
2821,5390,5646.995,-256.9951172,256.9951172,-4.767998464
1719,2425.2,2171.627,253.5730469,253.5730469,10.45575816
2079,1944,1690.7009,253.2990723,253.2990723,13.02978767
3280,4214,3964.7505,249.2495117,249.2495117,5.914796196
1629,1303,1548.5734,-245.5733643,245.5733643,-18.84676625
16,1200,1444.4757,-244.475708,244.475708,-20.37297567
563,1517.45,1278.1685,239.281543,239.281543,15.76866078
480,3054,2815.2698,238.7302246,238.7302246,7.816968717
2794,3357,3118.3855,238.614502,238.614502,7.107968482
2625,810,1047.8127,-237.8127441,237.8127441,-29.35959804
1584,2069,2306.205,-237.2050781,237.2050781,-11.46472103
1734,1484,1247.6737,236.3262939,236.3262939,15.92495242
3560,1328.1,1093.9232,234.1767822,234.1767822,17.6324661
1212,4076.76,3846.251,230.5090234,230.5090234,5.654221083
3137,1789,1558.8433,230.1567383,230.1567383,12.86510555
3633,2119.6,2349.3137,-229.7137207,229.7137207,-10.83759769
216,1420,1190.5305,229.4694824,229.4694824,16.15982271
1280,4065.79,4295.028,-229.237832,229.237832,-5.63821132
2340,2450,2222.5076,227.4924316,227.4924316,9.285405373
575,2171.38,1945.432,225.9479932,225.9479932,10.40573244
3426,1016,790.78955,225.2104492,225.2104492,22.1663828
3079,1904,2126.9211,-222.9211426,222.9211426,-11.7080432
1106,3721,3498.0793,222.9206543,222.9206543,5.990880255
2155,3646,3426.7354,219.2646484,219.2646484,6.013841153
2824,4871,4652.4907,218.5092773,218.5092773,4.485922343
3707,2560,2777.8577,-217.857666,217.857666,-8.510065079
370,1254.2,1471.461,-217.2610596,217.2610596,-17.32268056
2168,850,632.9795,217.0205078,217.0205078,25.53182445
3023,1639,1855.1036,-216.1036377,216.1036377,-13.18509077
2157,3722,3506.1284,215.871582,215.871582,5.799881301
3744,4944,5157.1313,-213.1313477,213.1313477,-4.310909135
3972,2382,2594.4038,-212.4038086,212.4038086,-8.917036465
452,2717.5,2923.6956,-206.1955566,206.1955566,-7.587692977
2988,2999,2793.4146,205.5854492,205.5854492,6.855133352
707,4433,4227.4844,205.515625,205.515625,4.636039364
2346,1646.4,1441.3171,205.0828613,205.0828613,12.45644201
2271,1284,1488.7422,-204.7421875,204.7421875,-15.94565323
2875,2530.3,2733.6775,-203.3774902,203.3774902,-8.037682893
1270,12340.91,12544.139,-203.2286719,203.2286719,-1.64678838
1615,1781,1578.6178,202.3822021,202.3822021,11.3634027
2624,980,778.30707,201.6929321,201.6929321,20.58091144
3883,1933,2134.5493,-201.5493164,201.5493164,-10.42676236
154,1468,1668.1838,-200.1838379,200.1838379,-13.63650122
1618,1571,1371.8049,199.1950684,199.1950684,12.67950785
1190,4912,5109.518,-197.5180664,197.5180664,-4.021133274
4073,4550,4352.903,197.097168,197.097168,4.331805889
3343,1788,1591.1411,196.8588867,196.8588867,11.01000485
2864,1405,1601.4305,-196.430542,196.430542,-13.98082149
1539,1774.48,1970.5353,-196.0552783,196.0552783,-11.04860457
2863,1406.4,1601.4305,-195.030542,195.030542,-13.86735936
2993,3817,3622.0437,194.9562988,194.9562988,5.10757922
2701,1360,1553.6569,-193.6568604,193.6568604,-14.23947503
3621,2796.7,2607.4424,189.2576172,189.2576172,6.767176214
25,1700,1887.6833,-187.6833496,187.6833496,-11.04019704
1130,5055,5242.4224,-187.4223633,187.4223633,-3.707662973
2778,2497,2310.197,186.8029785,186.8029785,7.481096456
1116,1537,1350.3633,186.6367188,186.6367188,12.1429225
2120,1411,1226.3953,184.6047363,184.6047363,13.08325559
2095,997,814.3453,182.6547241,182.6547241,18.32043371
307,6848,6666.1465,181.8535156,181.8535156,2.655571198
3054,2497,2315.2314,181.7685547,181.7685547,7.279477561
2188,830,649.6128,180.387207,180.387207,21.73339844
1888,8233,8055.529,177.4711914,177.4711914,2.155607815
2994,3446.5,3622.0437,-175.5437012,175.5437012,-5.09339043
58,2700,2875.4048,-175.4047852,175.4047852,-6.496473524
2894,1482,1656.9163,-174.9162598,174.9162598,-11.80271658
2285,1880,2053.6396,-173.6396484,173.6396484,-9.236151513
1317,1140,1313.3363,-173.3363037,173.3363037,-15.20493892
569,1772.79,1945.432,-172.6420068,172.6420068,-9.738435282
3024,1758,1928.7467,-170.7467041,170.7467041,-9.712554272
3425,1038,867.60254,170.3974609,170.3974609,16.41594036
413,1218.78,1387.6703,-168.8902881,168.8902881,-13.85732356
2489,2043,1874.2084,168.791626,168.791626,8.261949387
8,3780,3611.6995,168.3005371,168.3005371,4.452395162
966,869,1036.9775,-167.9775391,167.9775391,-19.32998148
1535,1959.86,1792.051,167.8089746,167.8089746,8.56229397
2181,695,528.1955,166.8045044,166.8045044,24.00064811
570,1780.79,1945.432,-164.6420068,164.6420068,-9.245447629
3872,1962,2126.6016,-164.6015625,164.6015625,-8.389478211
596,1284,1120.0116,163.9884033,163.9884033,12.7716825
3660,1738,1901.3306,-163.3305664,163.3305664,-9.397616019
2704,920,1083.0443,-163.0443115,163.0443115,-17.72220777
1057,1876,2038.9257,-162.9256592,162.9256592,-8.68473663
2179,690,528.1955,161.8045044,161.8045044,23.44992817
1244,534,695.4642,-161.4641724,161.4641724,-30.2367364
731,1291.24,1130.7936,160.4464209,160.4464209,12.4257629
1875,3199,3039.645,159.3549805,159.3549805,4.981399827
3559,1260.8,1101.9268,158.8732422,158.8732422,12.60098685
2021,2706,2863.9597,-157.9597168,157.9597168,-5.837387908
2383,817,659.2584,157.7415771,157.7415771,19.30741458
465,2509,2351.554,157.4460449,157.4460449,6.275250894
1368,369.8,526.7485,-156.9484741,156.9484741,-42.44144784
368,3500,3653.5408,-153.5407715,153.5407715,-4.386879185
2123,1011,1163.9888,-152.9887695,152.9887695,-15.13242033
1820,1776.6,1624.7634,151.8365723,151.8365723,8.546469226
196,943.3,1095.1068,-151.8068115,151.8068115,-16.09316352
4071,3011,3161.258,-150.2580566,150.2580566,-4.990304106
2357,3450,3599.8423,-149.8422852,149.8422852,-4.343254642
2900,879.2,1028.4364,-149.2364014,149.2364014,-16.97411299
3862,950,1099.0443,-149.0443115,149.0443115,-15.6888749
1452,1128.74,980.0147,148.7252905,148.7252905,13.17622221
2670,1197.1,1345.7236,-148.6236328,148.6236328,-12.41530639
656,669.2,817.45966,-148.2596558,148.2596558,-22.15476028
557,1131.61,1278.1685,-146.558457,146.558457,-12.95132219
3036,1273,1419.5101,-146.5101318,146.5101318,-11.50904413
417,1961.67,2107.62,-145.9501172,145.9501172,-7.440095286
2372,4657,4511.409,145.5908203,145.5908203,3.126279156
1604,1924,1778.9159,145.0841064,145.0841064,7.540753973
2287,2420,2275.6228,144.3771973,144.3771973,5.965999887
1620,1516,1371.8049,144.1950684,144.1950684,9.511548045
3357,850,705.8952,144.1047974,144.1047974,16.95350557
3022,1711,1855.1036,-144.1036377,144.1036377,-8.422188059
859,1360,1503.3778,-143.3778076,143.3778076,-10.54248585
720,1570,1426.876,143.1240234,143.1240234,9.116179837
3080,1984,2126.9211,-142.9211426,142.9211426,-7.203686622
1421,1999.5,1856.6858,142.814209,142.814209,7.142496073
3385,2324,2181.6726,142.3273926,142.3273926,6.124242366
291,1362,1220.8885,141.1114502,141.1114502,10.36060574
3123,2172,2031.0985,140.9014893,140.9014893,6.487177222
3037,1800,1940.6344,-140.6343994,140.6343994,-7.81302219
3309,1900,1759.6024,140.397583,140.397583,7.389346474
1795,2070,2209.1523,-139.1523438,139.1523438,-6.722335447
180,1042,1181.0206,-139.0206299,139.0206299,-13.34171112
2352,1695.4,1834.2429,-138.8429199,138.8429199,-8.18939011
440,1835,1696.2714,138.7286377,138.7286377,7.560143744
657,2061.7,1923.9784,137.7216064,137.7216064,6.680002253
2126,1301,1163.9888,137.0112305,137.0112305,10.53122448
3555,1649.36,1786.2949,-136.9349219,136.9349219,-8.302306463
3014,4301,4164.254,136.7460938,136.7460938,3.179402319
2653,983.3,1119.1713,-135.8712646,135.8712646,-13.81788515
1110,2221,2085.394,135.605957,135.605957,6.105626161
2392,3579,3713.947,-134.9470215,134.9470215,-3.770523093
1263,4678.36,4812.649,-134.2889258,134.2889258,-2.870427367
389,1690,1555.7607,134.2392578,134.2392578,7.94315135
1063,2142,2275.6934,-133.6933594,133.6933594,-6.241520046
3592,1351,1483.6632,-132.663208,132.663208,-9.819630497
1290,7133.33,7265.975,-132.6450977,132.6450977,-1.859511584
3010,2574,2442.223,131.7770996,131.7770996,5.119545439
2281,1532,1663.0333,-131.0333252,131.0333252,-8.553089112
1300,2241.38,2110.6704,130.7095898,130.7095898,5.831656829
1973,1180.5,1311.1907,-130.6906738,130.6906738,-11.07078982
3735,4168,4037.3152,130.6848145,130.6848145,3.135432209
1990,1655.7,1525.4187,130.2812988,130.2812988,7.868653671
723,929,798.882,130.117981,130.117981,14.00624122
3738,4492,4621.8,-129.7998047,129.7998047,-2.88957713
2723,6078,5948.2207,129.7792969,129.7792969,2.135230288
1239,174.74,303.2768,-128.5367944,128.5367944,-73.5588843
1939,578,449.7508,128.2492065,128.2492065,22.18844404
82,2376.6,2248.4924,128.1075684,128.1075684,5.39037147
1043,4192,4064.0317,127.9682617,127.9682617,3.052677999
1616,1706,1578.6178,127.3822021,127.3822021,7.466717594
2016,3605.5,3479.0754,126.4245605,126.4245605,3.506436293
151,3003,2877.004,125.9960938,125.9960938,4.195674118
2404,536,661.91156,-125.9115601,125.9115601,-23.4909627
3417,734,608.2007,125.7993164,125.7993164,17.13887144
159,1724,1849.7402,-125.7402344,125.7402344,-7.293517075
1001,3203,3077.4143,125.5856934,125.5856934,3.920877095
63,2750,2875.4048,-125.4047852,125.4047852,-4.560174006
1176,1435,1310.3245,124.6755371,124.6755371,8.688190739
2382,273,397.62537,-124.6253662,124.6253662,-45.65031729
3626,2675.3,2550.7065,124.593457,124.593457,4.657177028
1828,2256,2131.4443,124.5556641,124.5556641,5.5210844
864,968.47,1093.0095,-124.5395215,124.5395215,-12.85940932
207,953.87,1078.028,-124.1579541,124.1579541,-13.0162343
529,702.5,826.5591,-124.059082,124.059082,-17.65965581
2706,968.47,1092.2489,-123.7789014,123.7789014,-12.780871
1358,5041.7,4918.004,123.6960937,123.6960937,2.453460018
2931,686.3264,809.8055,-123.479081,123.479081,-17.99130573
2448,2620.6,2743.563,-122.9629883,122.9629883,-4.692169285
2366,4340,4462.8784,-122.878418,122.878418,-2.831299953
2001,1487.2,1365.0066,122.1934082,122.1934082,8.216339981
134,957.1,835.52814,121.5718628,121.5718628,12.70210665
3093,1990,2110.797,-120.7971191,120.7971191,-6.070206992
812,1147,1027.5128,119.4871826,119.4871826,10.41736553
2699,1530,1648.3103,-118.3103027,118.3103027,-7.732699525
441,1664,1545.7692,118.230835,118.230835,7.105218447
158,2246,2128.7668,117.2331543,117.2331543,5.219641776
3000,2362,2478.6096,-116.6096191,116.6096191,-4.936901742
2767,1710,1593.5762,116.4238281,116.4238281,6.808411001
1643,2212,2327.2183,-115.2182617,115.2182617,-5.208782175
1733,1134,1247.6737,-113.6737061,113.6737061,-10.02413634
1762,1038,1151.6365,-113.6364746,113.6364746,-10.94763725
281,2200,2086.3757,113.6242676,113.6242676,5.164739435
934,8799,8912.602,-113.6015625,113.6015625,-1.291073559
735,2513.35,2400.2373,113.1126953,113.1126953,4.500475275
404,3744,3857.0503,-113.050293,113.050293,-3.019505688
3646,1601,1488.2448,112.755249,112.755249,7.042801313
722,1131,1018.7076,112.2924194,112.2924194,9.928595883
348,1641,1753.0115,-112.0114746,112.0114746,-6.825805887
1809,810,920.77814,-110.7781372,110.7781372,-13.67631324
297,1523,1412.2571,110.7429199,110.7429199,7.271367034
1807,982,873.0836,108.9163818,108.9163818,11.09128125
28,3659,3765.992,-106.9919434,106.9919434,-2.924076069
980,1958.1,2064.804,-106.7039551,106.7039551,-5.449361885
939,3150,3256.3762,-106.3762207,106.3762207,-3.377022879
1265,6195.12,6301.216,-106.0958203,106.0958203,-1.712570867
3856,1577,1683.001,-106.0009766,106.0009766,-6.721685261
1112,1166,1271.7444,-105.7443848,105.7443848,-9.068986687
1741,501.6,396.6314,104.9685913,104.9685913,20.92675265
431,5212,5316.758,-104.7578125,104.7578125,-2.009935006
1614,1639,1743.5887,-104.5887451,104.5887451,-6.381253515
1959,1748.2,1645.7303,102.4696533,102.4696533,5.861437668
1044,4166,4064.0317,101.9682617,101.9682617,2.447629902
3625,2833.1,2934.8684,-101.7684082,101.7684082,-3.592121994
2661,1379.4,1479.6367,-100.2367187,100.2367187,-7.266689775
3536,1420.7,1320.5907,100.1093018,100.1093018,7.046477212
1086,884,983.5131,-99.51312256,99.51312256,-11.25714056
2088,415,514.4036,-99.40362549,99.40362549,-23.95268084
2115,1325.1,1226.3953,98.70473633,98.70473633,7.448851885
1833,1394,1295.5991,98.40087891,98.40087891,7.058886579
809,1465,1366.829,98.17102051,98.17102051,6.70109355
473,2993,2895.113,97.88696289,97.88696289,3.27053
1020,2390,2487.3342,-97.33422852,97.33422852,-4.072561863
3940,649,745.8911,-96.89111328,96.89111328,-14.92929326
3311,1700,1603.5586,96.44140625,96.44140625,5.673023897
1093,891,987.2839,-96.28387451,96.28387451,-10.80627099
3710,4117,4023.125,93.875,93.875,2.280179743
1893,3534,3440.7937,93.20629883,93.20629883,2.637416492
1590,4721,4628.3457,92.65429688,92.65429688,1.962598959
2684,1156,1248.0181,-92.01806641,92.01806641,-7.960040347
1422,1948.7,1856.6858,92.01420898,92.01420898,4.721825267
360,2950,2858.6987,91.30126953,91.30126953,3.094958289
298,1346,1437.0704,-91.07043457,91.07043457,-6.76600554
2483,1017.67,927.0432,90.62678711,90.62678711,8.905321677
1644,2474,2383.409,90.59106445,90.59106445,3.661724513
1031,3297.2,3206.7197,90.48027344,90.48027344,2.744154842
1841,1005,915.15784,89.84216309,89.84216309,8.939518715
1338,1869,1779.1838,89.81616211,89.81616211,4.805573147
3873,2273,2183.5605,89.43945313,89.43945313,3.934863754
607,3418.6,3508.0383,-89.43833008,89.43833008,-2.61622682
463,1394,1305.1426,88.85742188,88.85742188,6.374277036
1049,1679,1767.5626,-88.56262207,88.56262207,-5.274724364
19,1800,1887.2333,-87.23327637,87.23327637,-4.846293132
2350,579.2,665.86487,-86.66486816,86.66486816,-14.96285707
3706,3102,3015.9097,86.09033203,86.09033203,2.775316958
2106,1470.2,1384.1975,86.00249023,86.00249023,5.84971366
1617,1664,1578.6178,85.38220215,85.38220215,5.131141956
2888,1491,1406.0397,84.96032715,84.96032715,5.698211076
763,1265.2,1180.554,84.64604492,84.64604492,6.690329191
3566,1964.2,1879.6156,84.58439941,84.58439941,4.306302791
1400,1108.3,1192.8279,-84.52788086,84.52788086,-7.626805094
754,1427.6,1343.4027,84.19729004,84.19729004,5.897820821
951,1580,1663.9153,-83.9152832,83.9152832,-5.311093874
3018,1289,1372.4049,-83.40490723,83.40490723,-6.470512585
2342,1332.8,1249.5067,83.29328613,83.29328613,6.249496258
1450,896.74,980.0147,-83.27470947,83.27470947,-9.286382839
2315,933,1015.9019,-82.9019165,82.9019165,-8.885521597
181,4401,4483.752,-82.75195313,82.75195313,-1.880298867
1070,2170,2252.4124,-82.41235352,82.41235352,-3.797804309
2405,445,527.3393,-82.33929443,82.33929443,-18.50321223
2944,2421.0464,2503.2295,-82.18309219,82.18309219,-3.394527762
1731,913,830.87976,82.12023926,82.12023926,8.994549754
2305,1434,1515.5873,-81.58728027,81.58728027,-5.689489559
3507,1506,1425.3923,80.60766602,80.60766602,5.352434662
3888,1662,1742.1842,-80.1842041,80.1842041,-4.824561017
2786,9085,9004.977,80.0234375,80.0234375,0.880830352
222,3150,3070.0012,79.9987793,79.9987793,2.539643787
1851,871,950.8847,-79.88470459,79.88470459,-9.171607875
3029,1396,1475.5967,-79.59667969,79.59667969,-5.701767886
2537,423.4,502.66263,-79.26262817,79.26262817,-18.72050736
2197,449,528.1955,-79.19549561,79.19549561,-17.63819501
4080,3400,3321.7808,78.21923828,78.21923828,2.300565832
3941,682,759.33606,-77.33605957,77.33605957,-11.33959818
2104,2022.7,1945.6232,77.07683105,77.07683105,3.810591341
2992,3699,3622.0437,76.95629883,76.95629883,2.080462255
2097,908,984.1009,-76.10089111,76.10089111,-8.381155409
2323,1419,1343.2073,75.79272461,75.79272461,5.34127728
871,637,712.71686,-75.71685791,75.71685791,-11.88647691
2327,913.4,838.1358,75.26419678,75.26419678,8.240004026
881,1029,954.1636,74.83642578,74.83642578,7.272733312
1565,4721,4795.6973,-74.69726563,74.69726563,-1.582233968
265,1287,1212.7179,74.28210449,74.28210449,5.771725291
2516,1438.8,1513.0276,-74.22758789,74.22758789,-5.158992764
3598,1749,1674.8607,74.13928223,74.13928223,4.238952672
503,1343.8,1269.7217,74.07832031,74.07832031,5.512600113
3843,1960,2033.7073,-73.70727539,73.70727539,-3.760575275
1835,2205,2131.4443,73.55566406,73.55566406,3.335857781
2929,916.7328,843.4006,73.33222627,73.33222627,7.999302116
1815,2953.5,2880.8408,72.65917969,72.65917969,2.460104272
2687,477,549.5683,-72.56829834,72.56829834,-15.21347974
672,668,740.4003,-72.40032959,72.40032959,-10.83837269
470,691,762.52203,-71.52203369,71.52203369,-10.35051139
766,1868.3,1796.9661,71.33393555,71.33393555,3.818119978
2638,1217,1146.2708,70.72924805,70.72924805,5.811770587
1175,1442,1372.4148,69.58520508,69.58520508,4.825603681
481,1787,1717.6533,69.34667969,69.34667969,3.880620016
4019,1640,1571.4725,68.52746582,68.52746582,4.178504013
4083,2080,2011.6171,68.38293457,68.38293457,3.287641085
2349,669.3,737.3014,-68.0013916,68.0013916,-10.16007644
3954,1080,1147.962,-67.96203613,67.96203613,-6.292781123
3603,1377,1309.4688,67.53125,67.53125,4.904230211
2355,825.2,892.31726,-67.11726074,67.11726074,-8.133453798
513,863,796.4652,66.53479004,66.53479004,7.709709159
811,1093,1027.5128,65.48718262,65.48718262,5.991508016
1582,2051,2116.1545,-65.15454102,65.15454102,-3.176720674
3163,2440,2375.69,64.31005859,64.31005859,2.635658139
98,3635,3571.75,63.25,63.25,1.74002751
2923,906.9472,969.81494,-62.86774141,62.86774141,-6.931797287
2470,1780,1842.135,-62.13500977,62.13500977,-3.490730886
3963,5578,5516.104,61.89599609,61.89599609,1.109644964
1940,609,547.5393,61.46069336,61.46069336,10.09206788
2439,452.9,514.01526,-61.11525879,61.11525879,-13.49420596
3178,2200,2261.0803,-61.08032227,61.08032227,-2.776378285
3605,1350,1289.0363,60.96374512,60.96374512,4.515832972
179,1002,1062.7114,-60.71142578,60.71142578,-6.059024529
1431,1913.5,1853.0613,60.4387207,60.4387207,3.158543021
2479,956.63,896.28143,60.34856689,60.34856689,6.308454355
1003,2080,2139.8804,-59.88037109,59.88037109,-2.878863995
2411,761,701.14246,59.85754395,59.85754395,7.865643094
1817,2821.2,2880.8408,-59.64082031,59.64082031,-2.114023122
3570,3038.9,3098.432,-59.53188477,59.53188477,-1.95899453
2253,176,235.25195,-59.25195313,59.25195313,-33.66588246
1076,2695,2753.7783,-58.77832031,58.77832031,-2.181013741
198,1197.5,1138.9106,58.58935547,58.58935547,4.892639288
1019,1278,1336.1542,-58.1541748,58.1541748,-4.550404914
1161,1682.94,1624.8943,58.04571289,58.04571289,3.449066092
3957,1657,1599.165,57.83496094,57.83496094,3.490341638
2312,763,820.55426,-57.55426025,57.55426025,-7.543153375
3517,1377,1319.5088,57.49121094,57.49121094,4.175106096
1291,750,807.11426,-57.11425781,57.11425781,-7.615234375
2170,690,632.9795,57.02050781,57.02050781,8.263841712
1981,1150.8,1093.9053,56.89472656,56.89472656,4.943928273
3680,2242,2298.78,-56.7800293,56.7800293,-2.532561521
1652,1570,1513.5211,56.47888184,56.47888184,3.597381009
3437,2789,2732.5684,56.43164063,56.43164063,2.023364669
2678,1431,1487.331,-56.33105469,56.33105469,-3.936481809
3576,1139,1083.0154,55.98461914,55.98461914,4.91524312
3858,676,731.3704,-55.37042236,55.37042236,-8.190890882
2636,2072.74,2127.9895,-55.24950195,55.24950195,-2.66552978
1844,860,915.15784,-55.15783691,55.15783691,-6.413701967
978,1388.2,1333.1033,55.09672852,55.09672852,3.968933044
3165,2500,2445.5022,54.49780273,54.49780273,2.179912109
3516,1385,1330.504,54.49597168,54.49597168,3.934727197
3631,2701.6,2755.6475,-54.04746094,54.04746094,-2.000572288
256,1320,1374.0408,-54.04077148,54.04077148,-4.09399784
1311,1332,1277.965,54.03503418,54.03503418,4.056684248
95,3315.9,3369.297,-53.39711914,53.39711914,-1.61033563
1790,739.8,686.96173,52.83826904,52.83826904,7.142236962
258,1430,1377.343,52.65698242,52.65698242,3.682306463
300,1350,1297.7422,52.2578125,52.2578125,3.870949074
3492,670.41,618.33624,52.07375732,52.07375732,7.76744937
4048,814,762.39154,51.60845947,51.60845947,6.340105586
1458,928.77,980.0147,-51.24470947,51.24470947,-5.517481128
2309,1602,1653.1172,-51.1171875,51.1171875,-3.190835674
3468,1098,1148.8376,-50.83764648,50.83764648,-4.630022448
185,3081,3030.3652,50.63476563,50.63476563,1.643452309
819,477,526.9814,-49.98138428,49.98138428,-10.47827763
1777,840,889.82574,-49.82574463,49.82574463,-5.931636265
2059,1929,1879.3524,49.64758301,49.64758301,2.573747175
3561,1679.1,1629.7114,49.38857422,49.38857422,2.941371819
845,384,334.62936,49.37063599,49.37063599,12.85693645
2316,1000,1049.2717,-49.27172852,49.27172852,-4.927172852
2508,1546.4,1595.4775,-49.07753906,49.07753906,-3.173663933
1994,1280.7,1329.4044,-48.70441895,48.70441895,-3.80295299
3252,598,646.0686,-48.06860352,48.06860352,-8.038228013
172,1213.5,1261.4535,-47.95349121,47.95349121,-3.951668003
2789,996,1043.669,-47.66894531,47.66894531,-4.786038686
272,1659,1611.9509,47.04907227,47.04907227,2.835989889
3471,1139,1091.999,47.00097656,47.00097656,4.126512429
3581,1100,1146.8158,-46.8157959,46.8157959,-4.255981445
1224,509,463.0204,45.97961426,45.97961426,9.033323037
2970,1767.5,1721.7682,45.73181152,45.73181152,2.587372646
2814,1872,1826.4883,45.51171875,45.51171875,2.431181557
69,2145,2189.9421,-44.94213867,44.94213867,-2.0952046
2318,1277,1321.8702,-44.87023926,44.87023926,-3.51372273
3393,1428.32,1473.0665,-44.74652832,44.74652832,-3.132808357
2762,701.9,746.5415,-44.64150391,44.64150391,-6.360094587
3073,1129,1084.6248,44.37524414,44.37524414,3.930491066
601,1643.4,1599.1359,44.26413574,44.26413574,2.693448688
1943,511,466.94995,44.05004883,44.05004883,8.620361806
2438,589.3,545.7894,43.51057129,43.51057129,7.383433105
950,936.5,893.37866,43.12133789,43.12133789,4.604520864
1177,1582,1538.8928,43.10717773,43.10717773,2.724853207
2249,229,186.19229,42.80770874,42.80770874,18.69332259
2321,1345,1302.7935,42.20654297,42.20654297,3.138032934
2400,768.9,727.3133,41.58670654,41.58670654,5.408597548
3847,2175,2133.6123,41.38769531,41.38769531,1.902882543
3781,1863.2635,1904.5773,-41.31377051,41.31377051,-2.217280085
805,1240,1198.9071,41.09289551,41.09289551,3.313943186
467,1514,1555.0614,-41.06140137,41.06140137,-2.712113697
3723,3429,3388.234,40.76611328,40.76611328,1.188863029
2498,2199.5,2158.7678,40.73217773,40.73217773,1.851883507
3025,1854,1894.7146,-40.71459961,40.71459961,-2.196040971
2927,886.4864,845.80457,40.68183457,40.68183457,4.589109835
4081,3350,3309.326,40.67407227,40.67407227,1.214151411
1740,356.2,396.6314,-40.43140869,40.43140869,-11.35076044
301,1340,1299.7543,40.24572754,40.24572754,3.003412503
1547,921,960.3723,-39.37231445,39.37231445,-4.274952709
1743,436,396.6314,39.36859131,39.36859131,9.029493419
1438,2009.4,1970.0355,39.36447754,39.36447754,1.959016499
3688,1116,1076.7996,39.20043945,39.20043945,3.51258418
3156,2360,2321.1938,38.80615234,38.80615234,1.644328489
3859,715,676.2791,38.72088623,38.72088623,5.415508564
1423,2008.7,1970.0355,38.66447754,38.66447754,1.924850776
1489,550,511.5315,38.46850586,38.46850586,6.994273793
1738,358.6,396.6314,-38.03140869,38.03140869,-10.6055239
899,308.25,270.53677,37.71322632,37.71322632,12.2346233
229,1959,1921.4124,37.58764648,37.58764648,1.918716002
1490,474,511.5315,-37.53149414,37.53149414,-7.918036739
814,568,604.71545,-36.7154541,36.7154541,-6.463988398
1612,1585,1548.5734,36.42663574,36.42663574,2.298210457
2911,2056,2019.6772,36.32275391,36.32275391,1.76667091
141,2023,1986.8998,36.10021973,36.10021973,1.784489359
3863,1098,1061.9586,36.04138184,36.04138184,3.282457362
2140,1989.86,2025.5565,-35.69651855,35.69651855,-1.793921108
2959,640.512,676.1137,-35.6017085,35.6017085,-5.558320296
3673,466,430.52576,35.47424316,35.47424316,7.612498533
2686,896,930.62463,-34.62463379,34.62463379,-3.86435645
2476,684.45,650.0336,34.41636963,34.41636963,5.028324878
748,383.4,417.34995,-33.94994507,33.94994507,-8.854967415
2681,582,615.6068,-33.60681152,33.60681152,-5.774366241
546,257.5,224.1937,33.30630493,33.30630493,12.93448735
678,742,775.2558,-33.25579834,33.25579834,-4.481913523
2702,1200,1233.1436,-33.14355469,33.14355469,-2.761962891
1594,996,962.8695,33.13049316,33.13049316,3.326354735
1918,956.23,923.2155,33.01448486,33.01448486,3.45256736
1414,1370,1402.8927,-32.8927002,32.8927002,-2.400927022
1077,2721,2753.7783,-32.77832031,32.77832031,-1.204642422
3917,2567,2534.4243,32.57568359,32.57568359,1.26901767
3182,2350,2382.1772,-32.17724609,32.17724609,-1.369244515
659,1002.4,970.31445,32.08554687,32.08554687,3.200872593
240,1068,1099.6299,-31.62988281,31.62988281,-2.961599514
3782,1873.07015,1904.5773,-31.50712051,31.50712051,-1.682111079
753,1374.7,1343.4027,31.29729004,31.29729004,2.276663275
3533,1137.5,1106.4491,31.05090332,31.05090332,2.729749742
2149,1810.94,1780.1853,30.75469727,30.75469727,1.698272569
2214,444.5,475.2302,-30.73019409,30.73019409,-6.913429492
3397,1982.2,2012.8925,-30.69245605,30.69245605,-1.548403595
2967,1499.5,1530.0519,-30.55187988,30.55187988,-2.037471149
122,1214,1244.4952,-30.49523926,30.49523926,-2.511963695
213,970,939.686,30.31402588,30.31402588,3.125157307
3477,1398,1427.9868,-29.98681641,29.98681641,-2.144979714
1791,675,704.6355,-29.63549805,29.63549805,-4.390444155
2521,980,950.368,29.63201904,29.63201904,3.023675413
2519,981.5,1010.9226,-29.42260742,29.42260742,-2.997718535
333,1580,1609.0045,-29.0045166,29.0045166,-1.835728899
2173,830,801.1831,28.81689453,28.81689453,3.471915004
600,2509.2,2480.5107,28.68925781,28.68925781,1.143362738
2542,617.4,589.11255,28.28745117,28.28745117,4.581705729
844,340,311.8287,28.17129517,28.17129517,8.285675049
2527,929.04,957.19257,-28.15256592,28.15256592,-3.030285662
2531,617.4,589.5158,27.88419189,27.88419189,4.516390006
778,222.46,194.58688,27.87311646,27.87311646,12.52949584
2213,656,628.1453,27.85467529,27.85467529,4.246139526
323,774,746.25006,27.74993896,27.74993896,3.585263432
954,1215.5,1187.8025,27.69750977,27.69750977,2.2786927
3216,576.5,548.93945,27.56054688,27.56054688,4.780667281
242,1118,1145.4943,-27.4942627,27.4942627,-2.459236377
1029,2323.8,2351.118,-27.31791992,27.31791992,-1.175571044
3220,805,777.79065,27.20935059,27.20935059,3.380043551
2229,248,221.20108,26.79891968,26.79891968,10.806016
175,814,787.209,26.79101563,26.79101563,3.291279561
1696,3194,3167.656,26.34399414,26.34399414,0.82479631
553,484,510.25034,-26.25033569,26.25033569,-5.423623077
2955,998.1312,1024.2653,-26.13405879,26.13405879,-2.618298956
3489,540.96,514.8603,26.09970947,26.09970947,4.824702283
268,1469,1495.0624,-26.06237793,26.06237793,-1.77415779
1301,2052,2078.0425,-26.04248047,26.04248047,-1.269126728
2488,1399,1373.5808,25.41918945,25.41918945,1.816954214
416,1931.81,1957.2004,-25.39043945,25.39043945,-1.314334197
3255,819,843.8869,-24.88690186,24.88690186,-3.038693755
2650,600,624.776,-24.77600098,24.77600098,-4.129333496
3699,1074,1098.4612,-24.46118164,24.46118164,-2.277577434
2101,1297.5,1321.7708,-24.27075195,24.27075195,-1.870578185
2693,1460,1484.23,-24.22998047,24.22998047,-1.659587703
1846,891,915.15784,-24.15783691,24.15783691,-2.711317274
1668,1393,1417.1195,-24.11950684,24.11950684,-1.731479313
2234,501,477.04697,23.95303345,23.95303345,4.7810446
241,1093,1116.766,-23.76599121,23.76599121,-2.17438163
840,281,304.71024,-23.7102356,23.7102356,-8.437806262
2336,899.8,876.8293,22.97071533,22.97071533,2.552869008
813,582,604.71545,-22.7154541,22.7154541,-3.902998987
3213,448.5,471.157,-22.65701294,22.65701294,-5.051730867
2652,1141.8,1119.1713,22.62873535,22.62873535,1.981847552
3942,3568,3590.5374,-22.53735352,22.53735352,-0.631652285
1866,4423,4400.6113,22.38867188,22.38867188,0.506187472
3693,1023,1000.82434,22.17565918,22.17565918,2.16770862
4039,1955,1933.2283,21.77172852,21.77172852,1.113643402
757,1427.5,1449.2146,-21.71459961,21.71459961,-1.521162845
3474,1065,1086.6716,-21.67163086,21.67163086,-2.034894916
2507,1617.1,1595.4775,21.62246094,21.62246094,1.337113409
3604,1387,1365.4128,21.5871582,21.5871582,1.556392084
3503,1433,1411.571,21.42895508,21.42895508,1.495391143
3351,2200,2221.2688,-21.26879883,21.26879883,-0.966763583
3439,425.7541342,446.85083,-21.09669588,21.09669588,-4.955135883
3921,2572,2551.0276,20.97241211,20.97241211,0.815412601
3038,1535,1514.1816,20.81835938,20.81835938,1.35624491
3691,1040,1019.23334,20.7666626,20.7666626,1.996794481
3218,569.5,548.93945,20.56054688,20.56054688,3.610280399
1262,875,854.6079,20.39208984,20.39208984,2.330524554
2459,644.33,664.66956,-20.33955566,20.33955566,-3.156698534
3332,1648,1668.2627,-20.26269531,20.26269531,-1.229532483
3429,3073,3092.7874,-19.78735352,19.78735352,-0.643909974
434,1288,1268.2749,19.72509766,19.72509766,1.531451681
4000,948,928.458,19.54199219,19.54199219,2.061391581
866,1256.33,1275.7493,-19.41926758,19.41926758,-1.545713911
259,1452,1432.6492,19.35083008,19.35083008,1.332701796
1793,719.4,700.1281,19.27188721,19.27188721,2.678883404
3841,1185,1204.1897,-19.18969727,19.18969727,-1.619383735
3192,3200,3219.0833,-19.08325195,19.08325195,-0.596351624
3254,627,646.0686,-19.06860352,19.06860352,-3.04124458
1968,1433.3,1414.2618,19.03815918,19.03815918,1.328274554
2414,438,419.03473,18.965271,18.965271,4.329970547
101,1578,1596.8058,-18.80578613,18.80578613,-1.191748171
895,283.66,302.29456,-18.63455566,18.63455566,-6.56932795
1419,1871.5,1853.0613,18.4387207,18.4387207,0.985237548
2419,1142,1160.3086,-18.30859375,18.30859375,-1.603204356
1409,625,643.1155,-18.11547852,18.11547852,-2.898476563
556,528,510.25034,17.74966431,17.74966431,3.361678846
1427,1987.6,1970.0355,17.56447754,17.56447754,0.883702835
800,378.28,360.74478,17.53521851,17.53521851,4.635512981
1625,1761,1743.5887,17.41125488,17.41125488,0.988714076
2920,4198,4215.2495,-17.24951172,17.24951172,-0.410898326
1098,800,816.8304,-16.8303833,16.8303833,-2.103797913
168,804,787.209,16.79101563,16.79101563,2.088434779
1899,474.72,491.3398,-16.61981323,16.61981323,-3.50097178
3370,1390,1406.5942,-16.59423828,16.59423828,-1.193830092
253,1128,1144.5033,-16.5032959,16.5032959,-1.463058147
3212,455,471.157,-16.15701294,16.15701294,-3.550991855
3865,1078,1061.9586,16.04138184,16.04138184,1.488068816
1810,925,909.247,15.75299072,15.75299072,1.703026024
353,2350,2334.33,15.66992188,15.66992188,0.666805186
2585,345.9,361.5323,-15.6322876,15.6322876,-4.519308354
684,820,804.38873,15.61126709,15.61126709,1.90381306
3247,580.5,565.1068,15.39318848,15.39318848,2.651712055
1173,1533,1548.3615,-15.3614502,15.3614502,-1.002051546
682,455,439.73032,15.26968384,15.26968384,3.35597447
3194,400,384.74265,15.25735474,15.25735474,3.814338684
2611,841,856.07086,-15.07086182,15.07086182,-1.792016863
905,255.56,270.53677,-14.97677368,14.97677368,-5.860374738
787,344.96,359.78415,-14.82414917,14.82414917,-4.297353076
1501,6181.1,6166.383,14.7171875,14.7171875,0.238099812
126,709,694.381,14.61901855,14.61901855,2.061920812
327,841,826.4952,14.50482178,14.50482178,1.72471127
2674,1245,1230.5409,14.45910645,14.45910645,1.161374012
1747,410.3,396.6314,13.66859131,13.66859131,3.331365174
3496,629.16,615.76794,13.39205566,13.39205566,2.128561203
3200,366.5,379.89203,-13.39202881,13.39202881,-3.654032417
2262,135,148.14851,-13.14851379,13.14851379,-9.739639847
2529,458.64,445.5209,13.11909546,13.11909546,2.86043421
598,1016,1003.246,12.75402832,12.75402832,1.255317748
1165,3148.5,3161.246,-12.74609375,12.74609375,-0.404830673
2594,967.3,954.6778,12.62220459,12.62220459,1.304890374
27,1900,1887.6833,12.31665039,12.31665039,0.648244757
820,515,527.17413,-12.1741333,12.1741333,-2.363909379
3903,1773,1760.8303,12.16967773,12.16967773,0.686389043
2142,1031.92,1019.88525,12.03474609,12.03474609,1.166247974
833,215,203.3462,11.65379333,11.65379333,5.420368993
1900,500.35,511.65564,-11.30563965,11.30563965,-2.259546247
1429,1864.2,1853.0613,11.1387207,11.1387207,0.597506743
136,806.9,795.89197,11.00803223,11.00803223,1.36423748
10,3601,3611.6995,-10.69946289,10.69946289,-0.297124768
2227,320,330.69458,-10.69458008,10.69458008,-3.342056274
873,637,626.446,10.55401611,10.55401611,1.656831415
883,1078,1088.4302,-10.43017578,10.43017578,-0.967548774
1904,566.31,555.9566,10.353396,10.353396,1.828220585
3508,1511,1500.7943,10.20568848,10.20568848,0.675426107
2006,1580.9,1591.0803,-10.18032227,10.18032227,-0.643957383
1920,667.23,677.31213,-10.08213379,10.08213379,-1.511043237
1655,1165,1155.0061,9.993896484,9.993896484,0.857845192
2244,322,331.8982,-9.898193359,9.898193359,-3.073973093
3664,1560,1569.8638,-9.863769531,9.863769531,-0.632292919
3228,538,528.68964,9.31036377,9.31036377,1.730550887
432,5319,5309.9375,9.0625,9.0625,0.170379771
2431,402.8,393.7522,9.047802734,9.047802734,2.246227094
2545,407.7,416.6667,-8.966687012,8.966687012,-2.199334563
2243,323,331.8982,-8.898193359,8.898193359,-2.754858625
324,805,796.15686,8.843139648,8.843139648,1.098526664
3453,514.7303213,523.56396,-8.833643544,8.833643544,-1.71616926
2532,431.2,422.40445,8.795550537,8.795550537,2.039784447
2477,549.47,540.7249,8.745085449,8.745085449,1.591549211
2291,1212,1203.2948,8.705200195,8.705200195,0.718250841
1766,820,811.3681,8.631896973,8.631896973,1.052670363
2482,1833.74,1842.135,-8.395009766,8.395009766,-0.457808073
3485,517.23,508.9289,8.301105957,8.301105957,1.604915793
14,3620,3611.6995,8.300537109,8.300537109,0.229296605
3394,1679.42,1687.5686,-8.148603516,8.148603516,-0.485203434
293,1342,1350.1438,-8.143798828,8.143798828,-0.606840449
831,183,174.97997,8.02003479,8.02003479,4.382532672
2641,1123,1115.0898,7.91015625,7.91015625,0.704377226
2320,1319,1326.7079,-7.707885742,7.707885742,-0.584373445
176,708.5,701.08093,7.419067383,7.419067383,1.04715136
334,2076,2068.601,7.398925781,7.398925781,0.356402976
186,3800,3792.6345,7.365478516,7.365478516,0.193828382
792,213.64,220.86583,-7.225829468,7.225829468,-3.382245585
2922,937.6384,944.8517,-7.21328457,7.21328457,-0.769303451
2453,383.02,375.82904,7.190959473,7.190959473,1.877437072
3198,379.5,372.33078,7.169219971,7.169219971,1.889122522
356,2700,2692.8413,7.158691406,7.158691406,0.265136719
1059,2158,2150.9492,7.05078125,7.05078125,0.326727583
2416,591.5,584.55707,6.942932129,6.942932129,1.173783961
1649,2739,2732.1099,6.890136719,6.890136719,0.251556653
3189,3100,3106.7908,-6.790771484,6.790771484,-0.219057145
2261,156,149.53946,6.460540771,6.460540771,4.141372289
2242,338,331.8982,6.101806641,6.101806641,1.805268237
1178,1533,1538.8928,-5.892822266,5.892822266,-0.38439806
2215,650.6,644.72626,5.873742676,5.873742676,0.902819348
3211,465.5,471.157,-5.657012939,5.657012939,-1.215255196
3938,381.4,386.95584,-5.555841064,5.555841064,-1.456696661
3240,809,803.53375,5.466247559,5.466247559,0.67567955
3946,877,882.287,-5.286987305,5.286987305,-0.60284918
746,549.4,554.6268,-5.22677002,5.22677002,-0.951359669
2511,1080.7,1085.6685,-4.968457031,4.968457031,-0.459744335
1027,2346.2,2351.118,-4.917919922,4.917919922,-0.209612135
3408,1871,1866.3523,4.647705078,4.647705078,0.24840754
3049,3800,3804.5964,-4.596435547,4.596435547,-0.12095883
1008,7566,7570.544,-4.543945313,4.543945313,-0.060057432
3494,676.59,672.0679,4.522128906,4.522128906,0.668370639
3275,803,798.68317,4.316833496,4.316833496,0.537588231
3227,533,528.68964,4.31036377,4.31036377,0.808698643
789,352.8,348.65887,4.141125488,4.141125488,1.173788404
1928,771.45,767.45703,3.99296875,3.99296875,0.517592683
3430,3050,3046.0728,3.927246094,3.927246094,0.128762167
3937,390.7,386.95584,3.744158936,3.744158936,0.95832069
818,896,892.3764,3.623596191,3.623596191,0.404419218
231,1925,1921.4124,3.587646484,3.587646484,0.186371246
3324,1366,1369.4077,-3.407714844,3.407714844,-0.24946668
2361,1650,1653.3964,-3.396362305,3.396362305,-0.20584014
1260,5638.09,5641.3916,-3.301601562,3.301601562,-0.058558866
2554,484.2,487.38623,-3.186230469,3.186230469,-0.658040163
2480,743.52,740.473,3.046977539,3.046977539,0.409804382
1054,1857,1854.038,2.962036133,2.962036133,0.159506523
1066,2142,2139.0469,2.953125,2.953125,0.137867647
3320,1283,1285.9054,-2.905395508,2.905395508,-0.226453274
3778,504.7,502.19592,2.504077148,2.504077148,0.496151605
695,338,335.66766,2.332336426,2.332336426,0.690040363
2256,184,181.77162,2.228378296,2.228378296,1.211075161
1408,641,643.1155,-2.115478516,2.115478516,-0.33002785
326,801,803.10126,-2.101257324,2.101257324,-0.262329254
2557,365.7,367.65482,-1.954815674,1.954815674,-0.534540791
2408,597,595.139,1.861022949,1.861022949,0.311729137
3055,2314,2315.2314,-1.231445313,1.231445313,-0.05321717
2012,1535.1,1533.9675,1.132470703,1.132470703,0.073771787
867,100.44,101.48778,-1.04777771,1.04777771,-1.043187684
2581,352.6,351.6484,0.951593018,0.951593018,0.269878905
804,1519,1519.3506,-0.350585938,0.350585938,-0.023080049
3668,537,537.1551,-0.155090332,0.155090332,-0.028880881
3128,1693,1693.0848,-0.084838867,0.084838867,-0.005011156
